<xml xmlns:o="urn:schemas-microsoft-com:office:office">
 <o:MainFile HRef="../TR%2001-008-01.02度他雄胺检验记录_检查_含量.htm"/>
 <o:File HRef="item0001.xml"/>
 <o:File HRef="props002.xml"/>
 <o:File HRef="themedata.thmx"/>
 <o:File HRef="colorschememapping.xml"/>
 <o:File HRef="image001.wmz"/>
 <o:File HRef="image002.png"/>
 <o:File HRef="oledata.mso"/>
 <o:File HRef="image003.wmz"/>
 <o:File HRef="image004.png"/>
 <o:File HRef="header.htm"/>
 <o:File HRef="image005.jpg"/>
 <o:File HRef="filelist.xml"/>
</xml>