<?xml version="1.0" encoding="utf-8" ?>
<checkActions>
    <checkAction name="报告" htmlUrl="reportTemplate//度他雄胺报告.htm" id="0">
        <methods>
            <method id="f001" isAutoInput="false"  isNULL="false">
                <name>检查书编号</name>
            </method>
            <method id="f002" isAutoInput="false"  isNULL="false">
                <name>批号</name>
                <dataRef></dataRef>
                <deviceSetId>1</deviceSetId>
                <formula></formula>
            </method>
            <method id="f003" isAutoInput="false"  isNULL="false">
                <name>规格</name>
                <dataRef></dataRef>
                <deviceSetId>1</deviceSetId>
                <formula></formula>
            </method>
            <method id="f004" isAutoInput="false"  isNULL="false">
                <name>代表量</name>
                <dataRef></dataRef>
                <deviceSetId>1</deviceSetId>
                <formula></formula>
            </method>
            <method id="f005" isAutoInput="false"  isNULL="false">
                <name>包装</name>
                <dataRef></dataRef>
                <deviceSetId>1</deviceSetId>
                <formula></formula>
            </method>
            <method id="f006" isAutoInput="false"  isNULL="false">
                <name>检验项目</name>
                <dataRef></dataRef>
                <deviceSetId>1</deviceSetId>
                <formula></formula>
            </method>
            <method id="f007" isAutoInput="false"  isNULL="false">
                <name>检品来源</name>
                <dataRef></dataRef>
                <deviceSetId>1</deviceSetId>
                <formula></formula>
            </method>
            <method id="f008" isAutoInput="false"  isNULL="false">
                <name>检验依据</name>
                <dataRef></dataRef>
                <deviceSetId>1</deviceSetId>
                <formula></formula>
            </method>
            <method id="f009" isAutoInput="false"  isNULL="false">
                <name>检验日期</name>
                <dataRef></dataRef>
                <deviceSetId>1</deviceSetId>
                <formula></formula>
            </method>
            <method id="f00a" isAutoInput="false"  isNULL="false">
                <name>有效期至</name>
                <dataRef></dataRef>
                <deviceSetId>1</deviceSetId>
                <formula></formula>
            </method>
            <method id="f00b" isAutoInput="false"  isNULL="false">
                <name>报告日期</name>
                <dataRef></dataRef>
                <deviceSetId>1</deviceSetId>
                <formula></formula>
            </method>
            <method id="f00c" isAutoInput="true"  isNULL="false">
                <name>外观</name>
                <!-- dataRef规则：必须以$开头，每个数字之间必须用 $分割，从第一个数字到开始的含义是：大类编号，小类编号，methodId -->
                <dataRef>$1$1$1</dataRef>
                <deviceSetId>1</deviceSetId>
                <formula></formula>
            </method>
            <method id="f00d" isAutoInput="true"  isNULL="false">
                <name>溶解度</name>
                <dataRef></dataRef>
                <deviceSetId>1</deviceSetId>
                <formula></formula>
            </method>
            <method id="f00e" isAutoInput="true"  isNULL="false">
                <name>比旋度</name>
                <dataRef></dataRef>
                <deviceSetId>1</deviceSetId>
                <formula></formula>
            </method>
            <method id="f00f" isAutoInput="true"  isNULL="false">
                <name>HPLC鉴别</name>
                <dataRef></dataRef>
                <deviceSetId>1</deviceSetId>
                <formula></formula>
            </method>
            <method id="f010" isAutoInput="true"  isNULL="false">
                <name>紫外鉴别</name>
                <dataRef></dataRef>
                <deviceSetId>1</deviceSetId>
                <formula></formula>
            </method>
            <method id="f011" isAutoInput="true"  isNULL="false">
                <name>红外鉴别</name>
                <dataRef></dataRef>
                <deviceSetId>1</deviceSetId>
                <formula></formula>
            </method>
            <method id="f012" isAutoInput="true"  isNULL="false">
                <name>有机氟化物鉴别</name>
                <dataRef></dataRef>
                <deviceSetId>1</deviceSetId>
                <formula></formula>
            </method>
            <method id="f013" isAutoInput="true"  isNULL="false">
                <name>氯化物</name>
                <dataRef></dataRef>
                <deviceSetId>1</deviceSetId>
                <formula></formula>
            </method>
            <method id="f014" isAutoInput="true"  isNULL="false">
                <name>有关物质1</name>
                <!-- dataRef规则：必须以$开头，每个数字之间必须用 $分割，从第一个数字到开始的含义是：大类编号，小类编号，methodId。每一个编号均采用16进制 -->
                <dataRef>$3$0C$f03b</dataRef>
                <deviceSetId>1</deviceSetId>
                <formula></formula>
            </method>
            <method id="f015" isAutoInput="true"  isNULL="false">
                <name>有关物质1</name>
                <dataRef>$3$0C$f03e</dataRef>
                <deviceSetId>1</deviceSetId>
                <formula></formula>
            </method>
            <method id="f016" isAutoInput="true"  isNULL="false">
                <name>有关物质1</name>
                <dataRef>$3$0C$f041</dataRef>
                <deviceSetId>1</deviceSetId>
                <formula></formula>
            </method>
            <method id="f017" isAutoInput="true"  isNULL="false">
                <name>有关物质1</name>
                <dataRef>$3$0C$f044</dataRef>
                <deviceSetId>1</deviceSetId>
                <formula></formula>
            </method>
            <method id="f018" isAutoInput="true"  isNULL="false">
                <name>有关物质2</name>
                <dataRef></dataRef>
                <deviceSetId>1</deviceSetId>
                <formula></formula>
            </method>
            <method id="f019" isAutoInput="true"  isNULL="false">
                <name>有关物质2</name>
                <dataRef></dataRef>
                <deviceSetId>1</deviceSetId>
                <formula></formula>
            </method>
            <method id="f01a" isAutoInput="true"  isNULL="false">
                <name>有关物质2</name>
                <dataRef></dataRef>
                <deviceSetId>1</deviceSetId>
                <formula></formula>
            </method>
            <method id="f01b" isAutoInput="true"  isNULL="false">
                <name>有关物质2</name>
                <dataRef></dataRef>
                <deviceSetId>1</deviceSetId>
                <formula></formula>
            </method>
            <method id="f01c" isAutoInput="true"  isNULL="false">
                <name>有关物质2</name>
                <dataRef></dataRef>
                <deviceSetId>1</deviceSetId>
                <formula></formula>
            </method>
            <method id="f01d" isAutoInput="true"  isNULL="false">
                <name>有关物质2</name>
                <dataRef></dataRef>
                <deviceSetId>1</deviceSetId>
                <formula></formula>
            </method>
            <method id="f01e" isAutoInput="true"  isNULL="false">
                <name>有关物质2</name>
                <dataRef></dataRef>
                <deviceSetId>1</deviceSetId>
                <formula></formula>
            </method>
            <method id="f01f" isAutoInput="true"  isNULL="false">
                <name>有关物质2</name>
                <dataRef></dataRef>
                <deviceSetId>1</deviceSetId>
                <formula></formula>
            </method>
            <method id="f020" isAutoInput="true"  isNULL="false">
                <name>有关物质2</name>
                <dataRef></dataRef>
                <deviceSetId>1</deviceSetId>
                <formula></formula>
            </method>
            <method id="f021" isAutoInput="true"  isNULL="false">
                <name>有关物质1</name>
                <dataRef></dataRef>
                <deviceSetId>1</deviceSetId>
                <formula></formula>
            </method>
            <method id="f022" isAutoInput="true"  isNULL="false">
                <name>有关物质3</name>
                <dataRef></dataRef>
                <deviceSetId>1</deviceSetId>
                <formula></formula>
            </method>
            <method id="f023" isAutoInput="true"  isNULL="false">
                <name>有关物质3</name>
                <dataRef></dataRef>
                <deviceSetId>1</deviceSetId>
                <formula></formula>
            </method>
            <method id="f024" isAutoInput="true"  isNULL="false">
                <name>有关物质3</name>
                <dataRef></dataRef>
                <deviceSetId>1</deviceSetId>
                <formula></formula>
            </method>
            <method id="f025" isAutoInput="true"  isNULL="false">
                <name>有关物质3</name>
                <dataRef></dataRef>
                <deviceSetId>1</deviceSetId>
                <formula></formula>
            </method>
            <method id="f025" isAutoInput="true"  isNULL="false">
                <name>有关物质3</name>
                <dataRef></dataRef>
                <deviceSetId>1</deviceSetId>
                <formula></formula>
            </method>
            <method id="f026" isAutoInput="true"  isNULL="false">
                <name>有关物质3</name>
                <dataRef></dataRef>
                <deviceSetId>1</deviceSetId>
                <formula></formula>
            </method>
            <method id="f027" isAutoInput="true"  isNULL="false">
                <name>残留溶剂</name>
                <dataRef></dataRef>
                <deviceSetId>1</deviceSetId>
                <formula></formula>
            </method>
            <method id="f028" isAutoInput="true"  isNULL="false">
                <name>残留溶剂</name>
                <dataRef></dataRef>
                <deviceSetId>1</deviceSetId>
                <formula></formula>
            </method>
            <method id="f029" isAutoInput="true"  isNULL="false">
                <name>残留溶剂</name>
                <dataRef></dataRef>
                <deviceSetId>1</deviceSetId>
                <formula></formula>
            </method>
            <method id="f02a" isAutoInput="true"  isNULL="false">
                <name>残留溶剂</name>
                <dataRef></dataRef>
                <deviceSetId>1</deviceSetId>
                <formula></formula>
            </method>
            <method id="f02b" isAutoInput="true"  isNULL="false">
                <name>残留溶剂</name>
                <dataRef></dataRef>
                <deviceSetId>1</deviceSetId>
                <formula></formula>
            </method>
            <method id="f02c" isAutoInput="true"  isNULL="false">
                <name>残留溶剂</name>
                <dataRef></dataRef>
                <deviceSetId>1</deviceSetId>
                <formula></formula>
            </method>
            <method id="f02d" isAutoInput="true"  isNULL="false">
                <name>残留溶剂</name>
                <dataRef></dataRef>
                <deviceSetId>1</deviceSetId>
                <formula></formula>
            </method>
            <method id="f02e" isAutoInput="true"  isNULL="false">
                <name>干燥失重</name>
                <dataRef></dataRef>
                <deviceSetId>1</deviceSetId>
                <formula></formula>
            </method>
            <method id="f02f" isAutoInput="true"  isNULL="false">
                <name>炽灼残渣</name>
                <dataRef></dataRef>
                <deviceSetId>1</deviceSetId>
                <formula></formula>
            </method>
            <method id="f030" isAutoInput="true"  isNULL="false">
                <name>重金属</name>
                <dataRef></dataRef>
                <deviceSetId>1</deviceSetId>
                <formula></formula>
            </method>
            <method id="f031" isAutoInput="true"  isNULL="false">
                <name>微生物限度</name>
                <dataRef></dataRef>
                <deviceSetId>1</deviceSetId>
                <formula></formula>
            </method>
            <method id="f032" isAutoInput="true"  isNULL="false">
                <name>微生物限度</name>
                <dataRef></dataRef>
                <deviceSetId>1</deviceSetId>
                <formula></formula>
            </method>
            <method id="f033" isAutoInput="true"  isNULL="false">
                <name>微生物限度</name>
                <dataRef></dataRef>
                <deviceSetId>1</deviceSetId>
                <formula></formula>
            </method>
            <method id="f034" isAutoInput="true"  isNULL="false">
                <name>含量</name>
                <dataRef></dataRef>
                <deviceSetId>1</deviceSetId>
                <formula></formula>
            </method>
            <method id="f035" isAutoInput="false"  isNULL="false">
                <name>结论</name>
                <dataRef></dataRef>
                <deviceSetId>1</deviceSetId>
                <formula></formula>
            </method>
            <method id="fffe" isAutoInput="false"  isNULL="false">
                <name>time_checker</name>
                <dataRef></dataRef>
                <deviceSetId>1</deviceSetId>
                <formula></formula>
            </method>
            <method id="ffff" isAutoInput="false"  isNULL="false">
                <name>time_checker</name>
                <dataRef></dataRef>
                <deviceSetId>1</deviceSetId>
                <formula></formula>
            </method>
            <method id="fffb" isAutoInput="false"  isNULL="false">
                <name>time_checker</name>
                <dataRef></dataRef>
                <deviceSetId>1</deviceSetId>
                <formula></formula>
            </method>
        </methods>
    </checkAction>
</checkActions>