<?xml version="1.0" encoding="utf-8"?>
<checkActions>
	<checkAction name="HPLC鉴别" htmlURL="htmlTemplate/度他雄胺-鉴别//TR 01-008-01.02度他雄胺检验记录_鉴别_HPLC鉴别.htm" id="0B" >
		<methods>
			<method id="f001"  isAutoInput="false" isNULL="false">
				<name>method1</name>
				<deviceSetId>1</deviceSetId>
				<formula>(AVERAGE(method2,method3)+POWER(5,2))*5</formula>
			</method>
			<method id="f001"  isAutoInput="false" isNULL="false">
				<name>method2</name>
				<deviceSetId>1</deviceSetId>
				<formula>AVERAGE(method2,method3)</formula>
			</method>
			<method id="f001" isAutoInput="false" isNULL="false">
				<name>method3</name>
				<deviceSetId>1</deviceSetId>
				<formula>AVERAGE(method2,method3)</formula>
			</method>
			<method id="f001" isAutoInput="false" isNULL="false">
				<name>method4</name>
				<deviceSetId>1</deviceSetId>
				<formula>AVERAGE(method2,method3)</formula>
			</method>
			<method id="f001" isAutoInput="false" isNULL="false">
				<name>method5</name>
				<deviceSetId>1</deviceSetId>
				<formula>AVERAGE(method2,method3)</formula>
			</method>
			<method id="f001" isAutoInput="false" isNULL="false">
				<name>method6</name>
				<deviceSetId>1</deviceSetId>
				<formula>AVERAGE(method2,method3)</formula>
			</method>
			<method id="f001" isAutoInput="false" isNULL="false">
				<name>method7</name>
				<deviceSetId>1</deviceSetId>
				<formula>AVERAGE(method2,method3)</formula>
			</method>
			<method id="fffe" isAutoInput="false" isNULL="false">
				<name>time_checker</name>
			</method>
			<method id="ffff" isAutoInput="false" isNULL="false">
				<name>time_checker</name>
			</method>
		</methods>
	</checkAction>
</checkActions>