<?xml version="1.0" encoding="utf-8"?>
<checkActions>
	<checkAction name="外观" htmlURL="htmlTemplate//度他雄胺-性状//TR 01-008-01.02度他雄胺检验记录_性状_外观.htm" id="01" >
		<methods>
			<method id="f002"  isAutoInput="false"  isNULL="false" >
				<name>method1</name>
			</method>
			<method id="fffc" isAutoInput="false" isNULL="false">
				<name>check</name>
			</method>
			<method id="fffd" isAutoInput="false" isNULL="false">
				<name>check</name>
			</method>
			<method id="fffe" isAutoInput="false" isNULL="false">
				<name>time_checker</name>
			</method>
			<method id="ffff" isAutoInput="false" isNULL="false">
				<name>time_reviewer</name>
			</method>
		</methods>
	</checkAction>
	<checkAction name="溶解度" htmlURL="htmlTemplate//度他雄胺-性状//TR 01-008-01.02度他雄胺检验记录_性状_溶解度.htm" id="02" >
		<methods>
			<method id="f001" isAutoInput="false" isNULL="false">
			</method>
			<method id="f002" isAutoInput="false" isNULL="false">
			</method>
			<method id="f003" isAutoInput="false" isNULL="false">
			</method>
			<method id="f004" isAutoInput="false" isNULL="false">
			</method>
			<method id="f005" isAutoInput="false" isNULL="false">
			</method>
			<method id="f006" isAutoInput="false" isNULL="false">
			</method>
			<method id="f007" isAutoInput="false" isNULL="false">
			</method>
			<method id="f008" isAutoInput="false" isNULL="false">
			</method>
			<method id="f009" isAutoInput="false" isNULL="false">
			</method>
			<method id="f00a" isAutoInput="false" isNULL="false">
			</method>
			<method id="f00b" isAutoInput="false" isNULL="false">
			</method>
			<method id="f00c" isAutoInput="false" isNULL="false">
			</method>
			<method id="f00d" isAutoInput="false" isNULL="false">
			</method>
			<method id="f00e" isAutoInput="false" isNULL="false">
			</method>
			<method id="f00f" isAutoInput="false" isNULL="false">
			</method>
			<method id="f010" isAutoInput="false" isNULL="false">
			</method>
			<method id="f011" isAutoInput="false" isNULL="false">
			</method>
			<method id="f012" isAutoInput="false" isNULL="false">
			</method>
			<method id="f013" isAutoInput="false" isNULL="false">
			</method>
			<method id="f014" isAutoInput="false" isNULL="false">
			</method>
			<method id="f015" isAutoInput="false" isNULL="false">
			</method>
			<method id="f016" isAutoInput="false" isNULL="false">
			</method>
			<method id="f017" isAutoInput="false" isNULL="false">
			</method>
			<method id="fffc" isAutoInput="false" isNULL="false">
				<name>check</name>
			</method>
			<method id="fffd" isAutoInput="false" isNULL="false">
				<name>check</name>
			</method>
			<method id="fffe" isAutoInput="false" isNULL="false">
				<name>time_checker</name>
			</method>
			<method id="ffff" isAutoInput="false" isNULL="false">
				<name>time_reviewer</name>
			</method>
		</methods>
	</checkAction>
		<checkAction name="比旋度" htmlURL="htmlTemplate//度他雄胺-性状//TR 01-008-01.02度他雄胺检验记录_性状_比旋度.htm" id="03" >
			<methods>
				<method id="f001" isAutoInput="false" isNULL="false">
				</method>
				<method id="f002" isAutoInput="false" isNULL="false">
				</method>
				<method id="f003" isAutoInput="false" isNULL="false">
				</method>
				<method id="f004" isAutoInput="false" isNULL="false">
				</method>
				<method id="f005" isAutoInput="false" isNULL="false">
				</method>
				<method id="f006" isAutoInput="false" isNULL="false">
				</method>
				<method id="f007" isAutoInput="false" isNULL="false">
				</method>
				<method id="f008" isAutoInput="false" isNULL="false">
				</method>
				<method id="f009" isAutoInput="false" isNULL="false">
				</method>
				<method id="f00a" isAutoInput="false" isNULL="false">
				</method>
				<method id="f00b" isAutoInput="false" isNULL="false">
				</method>
				<method id="f00c" isAutoInput="false" isNULL="false">
				</method>
				<method id="f00d" isAutoInput="false" isNULL="false">
				</method>
				<method id="f00e" isAutoInput="false" isNULL="false">
				</method>
				<method id="f00f" isAutoInput="false" isNULL="false">
				</method>
				<method id="f010" isAutoInput="false" isNULL="false">
				</method>
				<method id="f011" isAutoInput="false" isNULL="false">
				</method>
				<method id="f012" isAutoInput="false" isNULL="false">
				</method>
				<method id="f013" isAutoInput="false" isNULL="false">
				</method>
				<method id="f014" isAutoInput="false" isNULL="false">
				</method>
				<method id="f015" isAutoInput="false" isNULL="false">
				</method>
				<method id="f016" isAutoInput="false" isNULL="false">
				</method>
				<method id="f017" isAutoInput="false" isNULL="false">
				</method>
				<method id="f018" isAutoInput="false" isNULL="false">
				</method>
				<method id="f019" isAutoInput="false" isNULL="false">
				</method>
				<method id="fffc" isAutoInput="false" isNULL="false">
					<name>check</name>
				</method>
				<method id="fffd" isAutoInput="false" isNULL="false">
					<name>check</name>
				</method>
				<method id="fffe" isAutoInput="false" isNULL="false">
					<name>time_checker</name>
				</method>
				<method id="ffff" isAutoInput="false" isNULL="false">
					<name>time_checker</name>
				</method>
			</methods>
	</checkAction>
		<checkAction name="紫外鉴别" htmlURL="htmlTemplate//度他雄胺-性状//TR 01-008-01.02度他雄胺检验记录_性状_紫外鉴别.htm" id="04" >
			<methods>
				<method id="f001" isAutoInput="false" isNULL="false">
				</method>
				<method id="f002" isAutoInput="false" isNULL="false">
				</method>
				<method id="f003" isAutoInput="false" isNULL="false">
				</method>
				<method id="f004" isAutoInput="false" isNULL="false">
				</method>
				<method id="f005" isAutoInput="false" isNULL="false">
				</method>
				<method id="f006" isAutoInput="false" isNULL="false">
				</method>
				<method id="f007" isAutoInput="false" isNULL="false">
				</method>
				<method id="f008" isAutoInput="false" isNULL="false">
				</method>
				<method id="f009" isAutoInput="false" isNULL="false">
				</method>
				<method id="f00a" isAutoInput="false" isNULL="false">
				</method>
				<method id="f00b" isAutoInput="false" isNULL="false">
				</method>
				<method id="f00c" isAutoInput="false" isNULL="false">
				</method>
				<method id="fffc" isAutoInput="false" isNULL="false">
					<name>check</name>
				</method>
				<method id="fffd" isAutoInput="false" isNULL="false">
					<name>check</name>
				</method>
				<method id="fffe" isAutoInput="false" isNULL="false">
					<name>time_checker</name>
				</method>
				<method id="ffff" isAutoInput="false" isNULL="false">
					<name>time_reviewer</name>
				</method>
			</methods>
	</checkAction>
		<checkAction name="红外鉴别" htmlURL="htmlTemplate//度他雄胺-性状//TR 01-008-01.02度他雄胺检验记录_性状_红外鉴别.htm" id="05" >
			<methods>
				<method id="f001" isAutoInput="false" isNULL="false">
				</method>
				<method id="f002" isAutoInput="false" isNULL="false">
				</method>
				<method id="f003" isAutoInput="false" isNULL="false">
				</method>
				<method id="f004" isAutoInput="false" isNULL="false">
				</method>
				<method id="f005" isAutoInput="false" isNULL="false">
				</method>
				<method id="f006" isAutoInput="false" isNULL="false">
				</method>
				<method id="f007" isAutoInput="false" isNULL="false">
				</method>
				<method id="f008" isAutoInput="false" isNULL="false">
				</method>
				<method id="f009" isAutoInput="false" isNULL="false">
				</method>
				<method id="f00a" isAutoInput="false" isNULL="false">
				</method>
				<method id="f00b" isAutoInput="false" isNULL="false">
				</method>
				<method id="f00c" isAutoInput="false" isNULL="false">
				</method>
				<method id="f00d" isAutoInput="false" isNULL="false">
				</method>
				<method id="f00e" isAutoInput="false" isNULL="false">
				</method>
				<method id="f00f" isAutoInput="false" isNULL="false">
				</method>
				<method id="f010" isAutoInput="false" isNULL="false">
				</method>
				<method id="f011" isAutoInput="false" isNULL="false">
				</method>
				<method id="f012" isAutoInput="false" isNULL="false">
				</method>
				<method id="f013" isAutoInput="false" isNULL="false">
				</method>
				<method id="f014" isAutoInput="false" isNULL="false">
				</method>
				<method id="f015" isAutoInput="false" isNULL="false">
				</method>
				<method id="fffc" isAutoInput="false" isNULL="false">
					<name>check</name>
				</method>
				<method id="fffd" isAutoInput="false" isNULL="false">
					<name>check</name>
				</method>
				<method id="fffe" isAutoInput="false" isNULL="false">
					<name>time_checker</name>
				</method>
				<method id="ffff" isAutoInput="false" isNULL="false">
					<name>time_reviewer</name>
				</method>
			</methods>
	</checkAction>
		<checkAction name="有机氟化物鉴别" htmlURL="htmlTemplate//度他雄胺-性状//TR 01-008-01.02度他雄胺检验记录_性状_有机氟化物鉴别.htm" id="06" >
			<methods>
				<method id="f001" isAutoInput="false" isNULL="false">
				</method>
				<method id="f002" isAutoInput="false" isNULL="false">
				</method>
				<method id="f003" isAutoInput="false" isNULL="false">
				</method>
				<method id="f004" isAutoInput="false" isNULL="false">
				</method>
				<method id="f005" isAutoInput="false" isNULL="false">
				</method>
				<method id="f006" isAutoInput="false" isNULL="false">
				</method>
				<method id="f007" isAutoInput="false" isNULL="false">
				</method>
				<method id="f008" isAutoInput="false" isNULL="false">
				</method>
				<method id="f009" isAutoInput="false" isNULL="false">
				</method>
				<method id="f00a" isAutoInput="false" isNULL="false">
				</method>
				<method id="f00b" isAutoInput="false" isNULL="false">
				</method>
				<method id="fffe" isAutoInput="false" isNULL="false">
					<name>time_checker</name>
				</method>
				<method id="ffff" isAutoInput="false" isNULL="false">
					<name>time_checker</name>
				</method>
			</methods>
	</checkAction>
		<checkAction name="氯化物" htmlURL="htmlTemplate//度他雄胺-性状//TR 01-008-01.02度他雄胺检验记录_性状_氯化物.htm" id="07" >
			<methods>
				<method id="f001" isAutoInput="false" isNULL="false">
				</method>
				<method id="f002" isAutoInput="false" isNULL="false">
				</method>
				<method id="f004" isAutoInput="false" isNULL="false">
				</method>
				<method id="f005" isAutoInput="false" isNULL="false">
				</method>
				<method id="f006" isAutoInput="false" isNULL="false">
				</method>
				<method id="f007" isAutoInput="false" isNULL="false">
				</method>
				<method id="f008" isAutoInput="false" isNULL="false">
				</method>
				<method id="f009" isAutoInput="false" isNULL="false">
				</method>
				<method id="f00a" isAutoInput="false" isNULL="false">
				</method>
				<method id="f00b" isAutoInput="false" isNULL="false">
				</method>
				<method id="f00c" isAutoInput="false" isNULL="false">
				</method>
				<method id="f00d" isAutoInput="false" isNULL="false">
				</method>
				<method id="f00e" isAutoInput="false" isNULL="false">
				</method>
				<method id="f00f" isAutoInput="false" isNULL="false">
				</method>
				<method id="f010" isAutoInput="false" isNULL="false">
				</method>
				<method id="f011" isAutoInput="false" isNULL="false">
				</method>
				<method id="f012" isAutoInput="false" isNULL="false">
				</method>
				<method id="f013" isAutoInput="false" isNULL="false">
				</method>
				<method id="f014" isAutoInput="false" isNULL="false">
				</method>
				<method id="fffe" isAutoInput="false" isNULL="false">
					<name>time_checker</name>
				</method>
				<method id="ffff" isAutoInput="false" isNULL="false">
					<name>time_checker</name>
				</method>
			</methods>
	</checkAction>
		<checkAction name="干燥失重" htmlURL="htmlTemplate//度他雄胺-性状//TR 01-008-01.02度他雄胺检验记录_性状_干燥失重.htm" id="08" >
			<methods>
				<method id="f001" isAutoInput="false" isNULL="false">
				</method>
				<method id="f002" isAutoInput="false" isNULL="false">
				</method>
				<method id="f003" isAutoInput="false" isNULL="false">
				</method>
				<method id="f004" isAutoInput="false" isNULL="false">
				</method>
				<method id="f005" isAutoInput="false" isNULL="false">
				</method>
				<method id="f006" isAutoInput="false" isNULL="false">
				</method>
				<method id="f007" isAutoInput="false" isNULL="false">
				</method>
				<method id="f008" isAutoInput="false" isNULL="false">
				</method>
				<method id="f009" isAutoInput="false" isNULL="false">
				</method>
				<method id="f00a" isAutoInput="false" isNULL="false">
				</method>
				<method id="f00b" isAutoInput="false" isNULL="false">
				</method>
				<method id="f00c" isAutoInput="false" isNULL="false">
				</method>
				<method id="f00d" isAutoInput="false" isNULL="false">
				</method>
				<method id="f00e" isAutoInput="false" isNULL="false">
				</method>
				<method id="f00f" isAutoInput="false" isNULL="false">
				</method>
				<method id="fffe" isAutoInput="false" isNULL="false">
					<name>time_checker</name>
				</method>
				<method id="ffff" isAutoInput="false" isNULL="false">
					<name>time_checker</name>
				</method>
			</methods>
	</checkAction>
		<checkAction name="炽灼残渣" htmlURL="htmlTemplate//度他雄胺-性状//TR 01-008-01.02度他雄胺检验记录_性状_炽灼残渣.htm" id="09" >
			<methods>
				<method id="f001" isAutoInput="false" isNULL="false">
				</method>
				<method id="f002" isAutoInput="false" isNULL="false">
				</method>
				<method id="f003" isAutoInput="false" isNULL="false">
				</method>
				<method id="f0014" isAutoInput="false" isNULL="false">
				</method>
				<method id="f005" isAutoInput="false" isNULL="false">
				</method>
				<method id="f006" isAutoInput="false" isNULL="false">
				</method>
				<method id="f007" isAutoInput="false" isNULL="false">
				</method>
				<method id="f008" isAutoInput="false" isNULL="false">
				</method>
				<method id="f009" isAutoInput="false" isNULL="false">
				</method>
				<method id="f00a" isAutoInput="false" isNULL="false">
				</method>
				<method id="f00b" isAutoInput="false" isNULL="false">
				</method>
				<method id="f00c" isAutoInput="false" isNULL="false">
				</method>
				<method id="f00d" isAutoInput="false" isNULL="false">
				</method>
				<method id="f00e" isAutoInput="false" isNULL="false">
				</method>
				<method id="f00f" isAutoInput="false" isNULL="false">
				</method>
				<method id="f010" isAutoInput="false" isNULL="false">
				</method>
				<method id="f011" isAutoInput="false" isNULL="false">
				</method>
				<method id="f012" isAutoInput="false" isNULL="false">
				</method>
				<method id="fffe" isAutoInput="false" isNULL="false">
					<name>time_checker</name>
				</method>
				<method id="ffff" isAutoInput="false" isNULL="false">
					<name>time_checker</name>
				</method>
			</methods>
	</checkAction>
		<checkAction name="重金属" htmlURL="htmlTemplate//度他雄胺-性状//TR 01-008-01.02度他雄胺检验记录_性状_重金属.htm" id="0A" >
			<methods>
				<method id="f001" isAutoInput="false" isNULL="false">
				</method>
				<method id="f002" isAutoInput="false" isNULL="false">
				</method>
				<method id="f003" isAutoInput="false" isNULL="false">
				</method>
				<method id="f004" isAutoInput="false" isNULL="false">
				</method>
				<method id="f005" isAutoInput="false" isNULL="false">
				</method>
				<method id="f006" isAutoInput="false" isNULL="false">
				</method>
				<method id="f007" isAutoInput="false" isNULL="false">
				</method>
				<method id="f008" isAutoInput="false" isNULL="false">
				</method>
				<method id="f009" isAutoInput="false" isNULL="false">
				</method>
				<method id="f00a" isAutoInput="false" isNULL="false">
				</method>
				<method id="f00b" isAutoInput="false" isNULL="false">
				</method>
				<method id="f00c" isAutoInput="false" isNULL="false">
				</method>
				<method id="f00d" isAutoInput="false" isNULL="false">
				</method>
				<method id="f00e" isAutoInput="false" isNULL="false">
				</method>
				<method id="f00f" isAutoInput="false" isNULL="false">
				</method>
				<method id="f010" isAutoInput="false" isNULL="false">
				</method>
				<method id="f011" isAutoInput="false" isNULL="false">
				</method>
				<method id="f012" isAutoInput="false" isNULL="false">
				</method>
				<method id="f013" isAutoInput="false" isNULL="false">
				</method>
				<method id="f014" isAutoInput="false" isNULL="false">
				</method>
				<method id="f015" isAutoInput="false" isNULL="false">
				</method>
				<method id="f016" isAutoInput="false" isNULL="false">
				</method>
				<method id="f017" isAutoInput="false" isNULL="false">
				</method>
				<method id="fffe" isAutoInput="false" isNULL="false">
					<name>time_checker</name>
				</method>
				<method id="ffff" isAutoInput="false" isNULL="false">
					<name>time_checker</name>
				</method>
			</methods>
	</checkAction>
</checkActions>