<?xml version="1.0" encoding="utf-8"?>
<devices>
	<deviceSet id="1" type="balance">
		<device id="">
			<name></name>
			<type></type>
			<factoryId></factoryId>
			<factoryName></factoryName>
			<imageModel></imageModel>
			<license></license>
		</device>>
		<device id="" >
			<name></name>
			<type></type>
			<factoryID></factoryID>
			<factoryName></factoryName>
			<imageModel></imageModel>
			<license></license>
		</device>
	</deviceSet>
	<deviceSet id="2" type="dryingDevice">
		<device id="">
			<name></name>
			<type></type>
			<factoryId></factoryId>
			<factoryName></factoryName>
			<imageModel></imageModel>
			<license></license>
		</device>
		<device id="1">
			<name></name>
			<type></type>
			<factoryId></factoryId>
			<factoryName></factoryName>
			<imageModel></imageModel>
			<license></license>
		</device>
	</deviceSet>
</devices>