<?xml version="1.0" encoding="utf-8"?>
<medicines>
<medicine id="1" name="某某某示例药品1" factoryName="新越">
	<checkClass id="1" name="性状">
		<checkActions refId="rId1">
		</checkActions>
	</checkClass>
	<checkClass id="2" name="鉴别">
		<checkActions refId="rId2">
		</checkActions>
	</checkClass>
	<checkClass id="3" name="检查">
		<checkActions refId="rId3">
		</checkActions>
	</checkClass>
	<checkClass id="0" name="报告">
		<checkActions refId="rId4">
		</checkActions>
	</checkClass>
</medicine>
</medicines>

